{
    "data":[
        {
            "userid":"BNTEST",
            "tablename":"Secuser",
            "recordkey":"BNTEST",
            "timestamp":"04/15/2004 11:23:34:342",
            "description":"Change Password BNTEST",
            "action":"UPD"
        },
        {
            "userid":"BNTEST",
            "tablename":"Secuser",
            "recordkey":"BNTEST",
            "timestamp":"04/15/2004 11:23:34:342",
            "description":"Change Password BNTEST",
            "action":"UPD"
        },
        {
            "userid":"BNTEST",
            "tablename":"Secuser",
            "recordkey":"BNTEST",
            "timestamp":"04/15/2004 11:23:34:342",
            "description":"Change Password BNTEST",
            "action":"UPD"
        }
    ]
}