{
  "$schema": "./node_modules/@angular/cli/lib/config/schema.json",
  "project": {
    "name": "member-options"
  },
  "apps": [
    {
      "root": "src",
      "outDir": "dist/in",
      "assets": [
        {
          "glob": "**/*",
          "input": "./assets/",
          "output": "../assets",
          "allowOutsideOutDir": true
        },
        "favicon.ico"
      ],
      "index": "index.html",
      "main": "main.ts",
      "polyfills": "polyfills.ts",
      "test": "test.ts",
      "tsconfig": "tsconfig.app.json",
      "testTsconfig": "tsconfig.spec.json",
      "prefix": "app",
      "styles": [
        "../node_modules/bootstrap/dist/css/bootstrap.min.css",
        "../node_modules/font-awesome/css/font-awesome.min.css",
        "../node_modules/primeng/resources/primeng.min.css",
        "../node_modules/primeng/resources/themes/bootstrap/theme.css",
        "styles.scss",
        "../node_modules/animate.css/animate.min.css",
        "../node_modules/malihu-custom-scrollbar-plugin/jquery.mCustomScrollbar.css",
        "../node_modules/ng2-toasty/bundles/style.css"
      ],
      "scripts": [
        "../node_modules/jquery/dist/jquery.min.js",
        "../node_modules/malihu-custom-scrollbar-plugin/jquery.mCustomScrollbar.concat.min.js"
      ],
      "environmentSource": "environments/environment.ts",
      "environments": {
        "dev": "environments/environment.ts",
        "prod": "environments/environment.prod.ts"
      }
    }
  ],
  "e2e": {
    "protractor": {
      "config": "./protractor.conf.js"
    }
  },
  "lint": [
    {
      "project": "src/tsconfig.app.json"
    },
    {
      "project": "src/tsconfig.spec.json"
    },
    {
      "project": "e2e/tsconfig.e2e.json"
    }
  ],
  "test": {
    "karma": {
      "config": "./karma.conf.js"
    }
  },
  "defaults": {
    "styleExt": "scss",
    "component": {},
    "serve": {
      "host": "localhost",
      "port": 5800
    }
  }
}